RIDER_ID,RIDER_NAME,PICKUP_LOCATION,RIDE_FARE,AVAILABILITY,RIDER_OTP,PICKUP_DATE,RIDER_NUMBER,CUSTOMER_ID,CUSTOMER_NAME,DROP_LOCATION,DURATION,CUSTOMER_NUMBER
9072,MANAV,AHMEDABAD,1000,RESERVED,9990,"2024-02-18 10:30:00",987621546,1122,MEET," MUMBAI",1592,986532741
8971,MOHIT,SAMBHAR,1763,AVAILABLE,1165,"2023-08-12 02:30:00",987656625,1122,MEET," MUMBAI",1592,986532741
7744,ROHIT,VADODARA,1350,AVAILABLE,1021,"2022-05-06 10:15:00",789516325,1122,MEET," MUMBAI",1592,986532741
6642,MANOJ,AMRELI,1600,RESERVED,1022,"2023-11-05 02:30:00",987456851,1122,MEET," MUMBAI",1592,986532741
5569,SHUKLA,NATHDWARA,530,AVAILABLE,1704,"2023-10-12 03:20:00",987563252,1122,MEET," MUMBAI",1592,986532741
2324,RAVI,PANJI,640,"NOT AVAILABLE",9836,"2023-11-10 00:00:00",745985663,1122,MEET," MUMBAI",1592,986532741
2233,VIJAY,JAIPUR,2200,RESERVED,8843,"2023-12-01 10:00:00",749962636,1122,MEET," MUMBAI",1592,986532741
2044,MAHESH,SURAT,1200,AVAILABLE,8455,"2024-03-05 08:20:00",789541623,1122,MEET," MUMBAI",1592,986532741
2011,SAMKIT,SIKAR,3300,AVAILABLE,8840,"2024-01-02 12:40:00",898746226,1122,MEET," MUMBAI",1592,986532741
2003,VARUN,KOTA,850,"NOT AVAILABLE",1121,"2023-12-31 00:00:00",965781233,1122,MEET," MUMBAI",1592,986532741
2000,HET,DHOLPUR,3180,"NOT AVAILABLE",8888,"2020-09-01 00:00:00",654779563,1122,MEET," MUMBAI",1592,986532741
1949,VANSH,"SRI GANGANAGAR",6580,AVAILABLE,2002,"2023-01-14 05:45:00",639578921,1122,MEET," MUMBAI",1592,986532741
1940,ASHOK,JAISALMER,650,AVAILABLE,4444,"2022-03-31 08:10:00",956845626,1122,MEET," MUMBAI",1592,986532741
1891,DEEP,BHARATPUR,4750,AVAILABLE,1112,"2023-11-30 09:00:00",968784559,1122,MEET," MUMBAI",1592,986532741
1680,CHIRAG,PUSHKAR,1790,AVAILABLE,1111,"2023-12-11 12:00:00",956984268,1122,MEET," MUMBAI",1592,986532741
1651,ABHI,RATLAM,5500,AVAILABLE,1680,"2021-09-12 11:50:00",984875625,1122,MEET," MUMBAI",1592,986532741
1601,PINKESH,JUNAGADH,1800,"NOT AVAILABLE",2022,"2020-02-18 08:20:00",968745632,1122,MEET," MUMBAI",1592,986532741
1563,MEET,JALOR,3000,RESERVED,5555,"2022-08-18 06:30:00",659874631,1122,MEET," MUMBAI",1592,986532741
1455,AMIT,BIKANER,2650,AVAILABLE,9950,"2023-10-14 12:05:00",965879246,1122,MEET," MUMBAI",1592,986532741
1122,SURESH,KOLKATTA,1320,RESERVED,9944,"2023-10-16 08:30:00",635322811,1122,MEET," MUMBAI",1592,986532741
9072,MANAV,AHMEDABAD,1000,RESERVED,9990,"2024-02-18 10:30:00",987621546,1455,KHUSHI,"PUNE ",1200,789564123
8971,MOHIT,SAMBHAR,1763,AVAILABLE,1165,"2023-08-12 02:30:00",987656625,1455,KHUSHI,"PUNE ",1200,789564123
7744,ROHIT,VADODARA,1350,AVAILABLE,1021,"2022-05-06 10:15:00",789516325,1455,KHUSHI,"PUNE ",1200,789564123
6642,MANOJ,AMRELI,1600,RESERVED,1022,"2023-11-05 02:30:00",987456851,1455,KHUSHI,"PUNE ",1200,789564123
5569,SHUKLA,NATHDWARA,530,AVAILABLE,1704,"2023-10-12 03:20:00",987563252,1455,KHUSHI,"PUNE ",1200,789564123
2324,RAVI,PANJI,640,"NOT AVAILABLE",9836,"2023-11-10 00:00:00",745985663,1455,KHUSHI,"PUNE ",1200,789564123
2233,VIJAY,JAIPUR,2200,RESERVED,8843,"2023-12-01 10:00:00",749962636,1455,KHUSHI,"PUNE ",1200,789564123
2044,MAHESH,SURAT,1200,AVAILABLE,8455,"2024-03-05 08:20:00",789541623,1455,KHUSHI,"PUNE ",1200,789564123
2011,SAMKIT,SIKAR,3300,AVAILABLE,8840,"2024-01-02 12:40:00",898746226,1455,KHUSHI,"PUNE ",1200,789564123
2003,VARUN,KOTA,850,"NOT AVAILABLE",1121,"2023-12-31 00:00:00",965781233,1455,KHUSHI,"PUNE ",1200,789564123
2000,HET,DHOLPUR,3180,"NOT AVAILABLE",8888,"2020-09-01 00:00:00",654779563,1455,KHUSHI,"PUNE ",1200,789564123
1949,VANSH,"SRI GANGANAGAR",6580,AVAILABLE,2002,"2023-01-14 05:45:00",639578921,1455,KHUSHI,"PUNE ",1200,789564123
1940,ASHOK,JAISALMER,650,AVAILABLE,4444,"2022-03-31 08:10:00",956845626,1455,KHUSHI,"PUNE ",1200,789564123
1891,DEEP,BHARATPUR,4750,AVAILABLE,1112,"2023-11-30 09:00:00",968784559,1455,KHUSHI,"PUNE ",1200,789564123
1680,CHIRAG,PUSHKAR,1790,AVAILABLE,1111,"2023-12-11 12:00:00",956984268,1455,KHUSHI,"PUNE ",1200,789564123
1651,ABHI,RATLAM,5500,AVAILABLE,1680,"2021-09-12 11:50:00",984875625,1455,KHUSHI,"PUNE ",1200,789564123
1601,PINKESH,JUNAGADH,1800,"NOT AVAILABLE",2022,"2020-02-18 08:20:00",968745632,1455,KHUSHI,"PUNE ",1200,789564123
1563,MEET,JALOR,3000,RESERVED,5555,"2022-08-18 06:30:00",659874631,1455,KHUSHI,"PUNE ",1200,789564123
1455,AMIT,BIKANER,2650,AVAILABLE,9950,"2023-10-14 12:05:00",965879246,1455,KHUSHI,"PUNE ",1200,789564123
1122,SURESH,KOLKATTA,1320,RESERVED,9944,"2023-10-16 08:30:00",635322811,1455,KHUSHI,"PUNE ",1200,789564123
9072,MANAV,AHMEDABAD,1000,RESERVED,9990,"2024-02-18 10:30:00",987621546,1563,ISHA,DELHI,1100,987456321
8971,MOHIT,SAMBHAR,1763,AVAILABLE,1165,"2023-08-12 02:30:00",987656625,1563,ISHA,DELHI,1100,987456321
7744,ROHIT,VADODARA,1350,AVAILABLE,1021,"2022-05-06 10:15:00",789516325,1563,ISHA,DELHI,1100,987456321
6642,MANOJ,AMRELI,1600,RESERVED,1022,"2023-11-05 02:30:00",987456851,1563,ISHA,DELHI,1100,987456321
5569,SHUKLA,NATHDWARA,530,AVAILABLE,1704,"2023-10-12 03:20:00",987563252,1563,ISHA,DELHI,1100,987456321
2324,RAVI,PANJI,640,"NOT AVAILABLE",9836,"2023-11-10 00:00:00",745985663,1563,ISHA,DELHI,1100,987456321
2233,VIJAY,JAIPUR,2200,RESERVED,8843,"2023-12-01 10:00:00",749962636,1563,ISHA,DELHI,1100,987456321
2044,MAHESH,SURAT,1200,AVAILABLE,8455,"2024-03-05 08:20:00",789541623,1563,ISHA,DELHI,1100,987456321
2011,SAMKIT,SIKAR,3300,AVAILABLE,8840,"2024-01-02 12:40:00",898746226,1563,ISHA,DELHI,1100,987456321
2003,VARUN,KOTA,850,"NOT AVAILABLE",1121,"2023-12-31 00:00:00",965781233,1563,ISHA,DELHI,1100,987456321
2000,HET,DHOLPUR,3180,"NOT AVAILABLE",8888,"2020-09-01 00:00:00",654779563,1563,ISHA,DELHI,1100,987456321
1949,VANSH,"SRI GANGANAGAR",6580,AVAILABLE,2002,"2023-01-14 05:45:00",639578921,1563,ISHA,DELHI,1100,987456321
1940,ASHOK,JAISALMER,650,AVAILABLE,4444,"2022-03-31 08:10:00",956845626,1563,ISHA,DELHI,1100,987456321
1891,DEEP,BHARATPUR,4750,AVAILABLE,1112,"2023-11-30 09:00:00",968784559,1563,ISHA,DELHI,1100,987456321
1680,CHIRAG,PUSHKAR,1790,AVAILABLE,1111,"2023-12-11 12:00:00",956984268,1563,ISHA,DELHI,1100,987456321
1651,ABHI,RATLAM,5500,AVAILABLE,1680,"2021-09-12 11:50:00",984875625,1563,ISHA,DELHI,1100,987456321
1601,PINKESH,JUNAGADH,1800,"NOT AVAILABLE",2022,"2020-02-18 08:20:00",968745632,1563,ISHA,DELHI,1100,987456321
1563,MEET,JALOR,3000,RESERVED,5555,"2022-08-18 06:30:00",659874631,1563,ISHA,DELHI,1100,987456321
1455,AMIT,BIKANER,2650,AVAILABLE,9950,"2023-10-14 12:05:00",965879246,1563,ISHA,DELHI,1100,987456321
1122,SURESH,KOLKATTA,1320,RESERVED,9944,"2023-10-16 08:30:00",635322811,1563,ISHA,DELHI,1100,987456321
9072,MANAV,AHMEDABAD,1000,RESERVED,9990,"2024-02-18 10:30:00",987621546,1601,SEJAL,KATRA,103,977846623
8971,MOHIT,SAMBHAR,1763,AVAILABLE,1165,"2023-08-12 02:30:00",987656625,1601,SEJAL,KATRA,103,977846623
7744,ROHIT,VADODARA,1350,AVAILABLE,1021,"2022-05-06 10:15:00",789516325,1601,SEJAL,KATRA,103,977846623
6642,MANOJ,AMRELI,1600,RESERVED,1022,"2023-11-05 02:30:00",987456851,1601,SEJAL,KATRA,103,977846623
5569,SHUKLA,NATHDWARA,530,AVAILABLE,1704,"2023-10-12 03:20:00",987563252,1601,SEJAL,KATRA,103,977846623
2324,RAVI,PANJI,640,"NOT AVAILABLE",9836,"2023-11-10 00:00:00",745985663,1601,SEJAL,KATRA,103,977846623
2233,VIJAY,JAIPUR,2200,RESERVED,8843,"2023-12-01 10:00:00",749962636,1601,SEJAL,KATRA,103,977846623
2044,MAHESH,SURAT,1200,AVAILABLE,8455,"2024-03-05 08:20:00",789541623,1601,SEJAL,KATRA,103,977846623
2011,SAMKIT,SIKAR,3300,AVAILABLE,8840,"2024-01-02 12:40:00",898746226,1601,SEJAL,KATRA,103,977846623
2003,VARUN,KOTA,850,"NOT AVAILABLE",1121,"2023-12-31 00:00:00",965781233,1601,SEJAL,KATRA,103,977846623
2000,HET,DHOLPUR,3180,"NOT AVAILABLE",8888,"2020-09-01 00:00:00",654779563,1601,SEJAL,KATRA,103,977846623
1949,VANSH,"SRI GANGANAGAR",6580,AVAILABLE,2002,"2023-01-14 05:45:00",639578921,1601,SEJAL,KATRA,103,977846623
1940,ASHOK,JAISALMER,650,AVAILABLE,4444,"2022-03-31 08:10:00",956845626,1601,SEJAL,KATRA,103,977846623
1891,DEEP,BHARATPUR,4750,AVAILABLE,1112,"2023-11-30 09:00:00",968784559,1601,SEJAL,KATRA,103,977846623
1680,CHIRAG,PUSHKAR,1790,AVAILABLE,1111,"2023-12-11 12:00:00",956984268,1601,SEJAL,KATRA,103,977846623
1651,ABHI,RATLAM,5500,AVAILABLE,1680,"2021-09-12 11:50:00",984875625,1601,SEJAL,KATRA,103,977846623
1601,PINKESH,JUNAGADH,1800,"NOT AVAILABLE",2022,"2020-02-18 08:20:00",968745632,1601,SEJAL,KATRA,103,977846623
1563,MEET,JALOR,3000,RESERVED,5555,"2022-08-18 06:30:00",659874631,1601,SEJAL,KATRA,103,977846623
1455,AMIT,BIKANER,2650,AVAILABLE,9950,"2023-10-14 12:05:00",965879246,1601,SEJAL,KATRA,103,977846623
1122,SURESH,KOLKATTA,1320,RESERVED,9944,"2023-10-16 08:30:00",635322811,1601,SEJAL,KATRA,103,977846623
9072,MANAV,AHMEDABAD,1000,RESERVED,9990,"2024-02-18 10:30:00",987621546,1651,REKHA,KOLHAPUR,200,987466033
8971,MOHIT,SAMBHAR,1763,AVAILABLE,1165,"2023-08-12 02:30:00",987656625,1651,REKHA,KOLHAPUR,200,987466033
7744,ROHIT,VADODARA,1350,AVAILABLE,1021,"2022-05-06 10:15:00",789516325,1651,REKHA,KOLHAPUR,200,987466033
6642,MANOJ,AMRELI,1600,RESERVED,1022,"2023-11-05 02:30:00",987456851,1651,REKHA,KOLHAPUR,200,987466033
5569,SHUKLA,NATHDWARA,530,AVAILABLE,1704,"2023-10-12 03:20:00",987563252,1651,REKHA,KOLHAPUR,200,987466033
2324,RAVI,PANJI,640,"NOT AVAILABLE",9836,"2023-11-10 00:00:00",745985663,1651,REKHA,KOLHAPUR,200,987466033
2233,VIJAY,JAIPUR,2200,RESERVED,8843,"2023-12-01 10:00:00",749962636,1651,REKHA,KOLHAPUR,200,987466033
2044,MAHESH,SURAT,1200,AVAILABLE,8455,"2024-03-05 08:20:00",789541623,1651,REKHA,KOLHAPUR,200,987466033
2011,SAMKIT,SIKAR,3300,AVAILABLE,8840,"2024-01-02 12:40:00",898746226,1651,REKHA,KOLHAPUR,200,987466033
2003,VARUN,KOTA,850,"NOT AVAILABLE",1121,"2023-12-31 00:00:00",965781233,1651,REKHA,KOLHAPUR,200,987466033
2000,HET,DHOLPUR,3180,"NOT AVAILABLE",8888,"2020-09-01 00:00:00",654779563,1651,REKHA,KOLHAPUR,200,987466033
1949,VANSH,"SRI GANGANAGAR",6580,AVAILABLE,2002,"2023-01-14 05:45:00",639578921,1651,REKHA,KOLHAPUR,200,987466033
1940,ASHOK,JAISALMER,650,AVAILABLE,4444,"2022-03-31 08:10:00",956845626,1651,REKHA,KOLHAPUR,200,987466033
1891,DEEP,BHARATPUR,4750,AVAILABLE,1112,"2023-11-30 09:00:00",968784559,1651,REKHA,KOLHAPUR,200,987466033
1680,CHIRAG,PUSHKAR,1790,AVAILABLE,1111,"2023-12-11 12:00:00",956984268,1651,REKHA,KOLHAPUR,200,987466033
1651,ABHI,RATLAM,5500,AVAILABLE,1680,"2021-09-12 11:50:00",984875625,1651,REKHA,KOLHAPUR,200,987466033
1601,PINKESH,JUNAGADH,1800,"NOT AVAILABLE",2022,"2020-02-18 08:20:00",968745632,1651,REKHA,KOLHAPUR,200,987466033
1563,MEET,JALOR,3000,RESERVED,5555,"2022-08-18 06:30:00",659874631,1651,REKHA,KOLHAPUR,200,987466033
1455,AMIT,BIKANER,2650,AVAILABLE,9950,"2023-10-14 12:05:00",965879246,1651,REKHA,KOLHAPUR,200,987466033
1122,SURESH,KOLKATTA,1320,RESERVED,9944,"2023-10-16 08:30:00",635322811,1651,REKHA,KOLHAPUR,200,987466033
9072,MANAV,AHMEDABAD,1000,RESERVED,9990,"2024-02-18 10:30:00",987621546,1680,RUPAL,JALGAON,569,795596233
8971,MOHIT,SAMBHAR,1763,AVAILABLE,1165,"2023-08-12 02:30:00",987656625,1680,RUPAL,JALGAON,569,795596233
7744,ROHIT,VADODARA,1350,AVAILABLE,1021,"2022-05-06 10:15:00",789516325,1680,RUPAL,JALGAON,569,795596233
6642,MANOJ,AMRELI,1600,RESERVED,1022,"2023-11-05 02:30:00",987456851,1680,RUPAL,JALGAON,569,795596233
5569,SHUKLA,NATHDWARA,530,AVAILABLE,1704,"2023-10-12 03:20:00",987563252,1680,RUPAL,JALGAON,569,795596233
2324,RAVI,PANJI,640,"NOT AVAILABLE",9836,"2023-11-10 00:00:00",745985663,1680,RUPAL,JALGAON,569,795596233
2233,VIJAY,JAIPUR,2200,RESERVED,8843,"2023-12-01 10:00:00",749962636,1680,RUPAL,JALGAON,569,795596233
2044,MAHESH,SURAT,1200,AVAILABLE,8455,"2024-03-05 08:20:00",789541623,1680,RUPAL,JALGAON,569,795596233
2011,SAMKIT,SIKAR,3300,AVAILABLE,8840,"2024-01-02 12:40:00",898746226,1680,RUPAL,JALGAON,569,795596233
2003,VARUN,KOTA,850,"NOT AVAILABLE",1121,"2023-12-31 00:00:00",965781233,1680,RUPAL,JALGAON,569,795596233
2000,HET,DHOLPUR,3180,"NOT AVAILABLE",8888,"2020-09-01 00:00:00",654779563,1680,RUPAL,JALGAON,569,795596233
1949,VANSH,"SRI GANGANAGAR",6580,AVAILABLE,2002,"2023-01-14 05:45:00",639578921,1680,RUPAL,JALGAON,569,795596233
1940,ASHOK,JAISALMER,650,AVAILABLE,4444,"2022-03-31 08:10:00",956845626,1680,RUPAL,JALGAON,569,795596233
1891,DEEP,BHARATPUR,4750,AVAILABLE,1112,"2023-11-30 09:00:00",968784559,1680,RUPAL,JALGAON,569,795596233
1680,CHIRAG,PUSHKAR,1790,AVAILABLE,1111,"2023-12-11 12:00:00",956984268,1680,RUPAL,JALGAON,569,795596233
1651,ABHI,RATLAM,5500,AVAILABLE,1680,"2021-09-12 11:50:00",984875625,1680,RUPAL,JALGAON,569,795596233
1601,PINKESH,JUNAGADH,1800,"NOT AVAILABLE",2022,"2020-02-18 08:20:00",968745632,1680,RUPAL,JALGAON,569,795596233
1563,MEET,JALOR,3000,RESERVED,5555,"2022-08-18 06:30:00",659874631,1680,RUPAL,JALGAON,569,795596233
1455,AMIT,BIKANER,2650,AVAILABLE,9950,"2023-10-14 12:05:00",965879246,1680,RUPAL,JALGAON,569,795596233
1122,SURESH,KOLKATTA,1320,RESERVED,9944,"2023-10-16 08:30:00",635322811,1680,RUPAL,JALGAON,569,795596233
9072,MANAV,AHMEDABAD,1000,RESERVED,9990,"2024-02-18 10:30:00",987621546,1891,RIPAL,SOLAPUR,253,987456456
8971,MOHIT,SAMBHAR,1763,AVAILABLE,1165,"2023-08-12 02:30:00",987656625,1891,RIPAL,SOLAPUR,253,987456456
7744,ROHIT,VADODARA,1350,AVAILABLE,1021,"2022-05-06 10:15:00",789516325,1891,RIPAL,SOLAPUR,253,987456456
6642,MANOJ,AMRELI,1600,RESERVED,1022,"2023-11-05 02:30:00",987456851,1891,RIPAL,SOLAPUR,253,987456456
5569,SHUKLA,NATHDWARA,530,AVAILABLE,1704,"2023-10-12 03:20:00",987563252,1891,RIPAL,SOLAPUR,253,987456456
2324,RAVI,PANJI,640,"NOT AVAILABLE",9836,"2023-11-10 00:00:00",745985663,1891,RIPAL,SOLAPUR,253,987456456
2233,VIJAY,JAIPUR,2200,RESERVED,8843,"2023-12-01 10:00:00",749962636,1891,RIPAL,SOLAPUR,253,987456456
2044,MAHESH,SURAT,1200,AVAILABLE,8455,"2024-03-05 08:20:00",789541623,1891,RIPAL,SOLAPUR,253,987456456
2011,SAMKIT,SIKAR,3300,AVAILABLE,8840,"2024-01-02 12:40:00",898746226,1891,RIPAL,SOLAPUR,253,987456456
2003,VARUN,KOTA,850,"NOT AVAILABLE",1121,"2023-12-31 00:00:00",965781233,1891,RIPAL,SOLAPUR,253,987456456
2000,HET,DHOLPUR,3180,"NOT AVAILABLE",8888,"2020-09-01 00:00:00",654779563,1891,RIPAL,SOLAPUR,253,987456456
1949,VANSH,"SRI GANGANAGAR",6580,AVAILABLE,2002,"2023-01-14 05:45:00",639578921,1891,RIPAL,SOLAPUR,253,987456456
1940,ASHOK,JAISALMER,650,AVAILABLE,4444,"2022-03-31 08:10:00",956845626,1891,RIPAL,SOLAPUR,253,987456456
1891,DEEP,BHARATPUR,4750,AVAILABLE,1112,"2023-11-30 09:00:00",968784559,1891,RIPAL,SOLAPUR,253,987456456
1680,CHIRAG,PUSHKAR,1790,AVAILABLE,1111,"2023-12-11 12:00:00",956984268,1891,RIPAL,SOLAPUR,253,987456456
1651,ABHI,RATLAM,5500,AVAILABLE,1680,"2021-09-12 11:50:00",984875625,1891,RIPAL,SOLAPUR,253,987456456
1601,PINKESH,JUNAGADH,1800,"NOT AVAILABLE",2022,"2020-02-18 08:20:00",968745632,1891,RIPAL,SOLAPUR,253,987456456
1563,MEET,JALOR,3000,RESERVED,5555,"2022-08-18 06:30:00",659874631,1891,RIPAL,SOLAPUR,253,987456456
1455,AMIT,BIKANER,2650,AVAILABLE,9950,"2023-10-14 12:05:00",965879246,1891,RIPAL,SOLAPUR,253,987456456
1122,SURESH,KOLKATTA,1320,RESERVED,9944,"2023-10-16 08:30:00",635322811,1891,RIPAL,SOLAPUR,253,987456456
9072,MANAV,AHMEDABAD,1000,RESERVED,9990,"2024-02-18 10:30:00",987621546,1940,VANSH,JALNA,250,987463233
8971,MOHIT,SAMBHAR,1763,AVAILABLE,1165,"2023-08-12 02:30:00",987656625,1940,VANSH,JALNA,250,987463233
7744,ROHIT,VADODARA,1350,AVAILABLE,1021,"2022-05-06 10:15:00",789516325,1940,VANSH,JALNA,250,987463233
6642,MANOJ,AMRELI,1600,RESERVED,1022,"2023-11-05 02:30:00",987456851,1940,VANSH,JALNA,250,987463233
5569,SHUKLA,NATHDWARA,530,AVAILABLE,1704,"2023-10-12 03:20:00",987563252,1940,VANSH,JALNA,250,987463233
2324,RAVI,PANJI,640,"NOT AVAILABLE",9836,"2023-11-10 00:00:00",745985663,1940,VANSH,JALNA,250,987463233
2233,VIJAY,JAIPUR,2200,RESERVED,8843,"2023-12-01 10:00:00",749962636,1940,VANSH,JALNA,250,987463233
2044,MAHESH,SURAT,1200,AVAILABLE,8455,"2024-03-05 08:20:00",789541623,1940,VANSH,JALNA,250,987463233
2011,SAMKIT,SIKAR,3300,AVAILABLE,8840,"2024-01-02 12:40:00",898746226,1940,VANSH,JALNA,250,987463233
2003,VARUN,KOTA,850,"NOT AVAILABLE",1121,"2023-12-31 00:00:00",965781233,1940,VANSH,JALNA,250,987463233
2000,HET,DHOLPUR,3180,"NOT AVAILABLE",8888,"2020-09-01 00:00:00",654779563,1940,VANSH,JALNA,250,987463233
1949,VANSH,"SRI GANGANAGAR",6580,AVAILABLE,2002,"2023-01-14 05:45:00",639578921,1940,VANSH,JALNA,250,987463233
1940,ASHOK,JAISALMER,650,AVAILABLE,4444,"2022-03-31 08:10:00",956845626,1940,VANSH,JALNA,250,987463233
1891,DEEP,BHARATPUR,4750,AVAILABLE,1112,"2023-11-30 09:00:00",968784559,1940,VANSH,JALNA,250,987463233
1680,CHIRAG,PUSHKAR,1790,AVAILABLE,1111,"2023-12-11 12:00:00",956984268,1940,VANSH,JALNA,250,987463233
1651,ABHI,RATLAM,5500,AVAILABLE,1680,"2021-09-12 11:50:00",984875625,1940,VANSH,JALNA,250,987463233
1601,PINKESH,JUNAGADH,1800,"NOT AVAILABLE",2022,"2020-02-18 08:20:00",968745632,1940,VANSH,JALNA,250,987463233
1563,MEET,JALOR,3000,RESERVED,5555,"2022-08-18 06:30:00",659874631,1940,VANSH,JALNA,250,987463233
1455,AMIT,BIKANER,2650,AVAILABLE,9950,"2023-10-14 12:05:00",965879246,1940,VANSH,JALNA,250,987463233
1122,SURESH,KOLKATTA,1320,RESERVED,9944,"2023-10-16 08:30:00",635322811,1940,VANSH,JALNA,250,987463233
9072,MANAV,AHMEDABAD,1000,RESERVED,9990,"2024-02-18 10:30:00",987621546,1949,RUCHIT,RATLAM,350,781597878
8971,MOHIT,SAMBHAR,1763,AVAILABLE,1165,"2023-08-12 02:30:00",987656625,1949,RUCHIT,RATLAM,350,781597878
7744,ROHIT,VADODARA,1350,AVAILABLE,1021,"2022-05-06 10:15:00",789516325,1949,RUCHIT,RATLAM,350,781597878
6642,MANOJ,AMRELI,1600,RESERVED,1022,"2023-11-05 02:30:00",987456851,1949,RUCHIT,RATLAM,350,781597878
5569,SHUKLA,NATHDWARA,530,AVAILABLE,1704,"2023-10-12 03:20:00",987563252,1949,RUCHIT,RATLAM,350,781597878
2324,RAVI,PANJI,640,"NOT AVAILABLE",9836,"2023-11-10 00:00:00",745985663,1949,RUCHIT,RATLAM,350,781597878
2233,VIJAY,JAIPUR,2200,RESERVED,8843,"2023-12-01 10:00:00",749962636,1949,RUCHIT,RATLAM,350,781597878
2044,MAHESH,SURAT,1200,AVAILABLE,8455,"2024-03-05 08:20:00",789541623,1949,RUCHIT,RATLAM,350,781597878
2011,SAMKIT,SIKAR,3300,AVAILABLE,8840,"2024-01-02 12:40:00",898746226,1949,RUCHIT,RATLAM,350,781597878
2003,VARUN,KOTA,850,"NOT AVAILABLE",1121,"2023-12-31 00:00:00",965781233,1949,RUCHIT,RATLAM,350,781597878
2000,HET,DHOLPUR,3180,"NOT AVAILABLE",8888,"2020-09-01 00:00:00",654779563,1949,RUCHIT,RATLAM,350,781597878
1949,VANSH,"SRI GANGANAGAR",6580,AVAILABLE,2002,"2023-01-14 05:45:00",639578921,1949,RUCHIT,RATLAM,350,781597878
1940,ASHOK,JAISALMER,650,AVAILABLE,4444,"2022-03-31 08:10:00",956845626,1949,RUCHIT,RATLAM,350,781597878
1891,DEEP,BHARATPUR,4750,AVAILABLE,1112,"2023-11-30 09:00:00",968784559,1949,RUCHIT,RATLAM,350,781597878
1680,CHIRAG,PUSHKAR,1790,AVAILABLE,1111,"2023-12-11 12:00:00",956984268,1949,RUCHIT,RATLAM,350,781597878
1651,ABHI,RATLAM,5500,AVAILABLE,1680,"2021-09-12 11:50:00",984875625,1949,RUCHIT,RATLAM,350,781597878
1601,PINKESH,JUNAGADH,1800,"NOT AVAILABLE",2022,"2020-02-18 08:20:00",968745632,1949,RUCHIT,RATLAM,350,781597878
1563,MEET,JALOR,3000,RESERVED,5555,"2022-08-18 06:30:00",659874631,1949,RUCHIT,RATLAM,350,781597878
1455,AMIT,BIKANER,2650,AVAILABLE,9950,"2023-10-14 12:05:00",965879246,1949,RUCHIT,RATLAM,350,781597878
1122,SURESH,KOLKATTA,1320,RESERVED,9944,"2023-10-16 08:30:00",635322811,1949,RUCHIT,RATLAM,350,781597878
9072,MANAV,AHMEDABAD,1000,RESERVED,9990,"2024-02-18 10:30:00",987621546,2000,KASHI,BEED,476,635687851
8971,MOHIT,SAMBHAR,1763,AVAILABLE,1165,"2023-08-12 02:30:00",987656625,2000,KASHI,BEED,476,635687851
7744,ROHIT,VADODARA,1350,AVAILABLE,1021,"2022-05-06 10:15:00",789516325,2000,KASHI,BEED,476,635687851
6642,MANOJ,AMRELI,1600,RESERVED,1022,"2023-11-05 02:30:00",987456851,2000,KASHI,BEED,476,635687851
5569,SHUKLA,NATHDWARA,530,AVAILABLE,1704,"2023-10-12 03:20:00",987563252,2000,KASHI,BEED,476,635687851
2324,RAVI,PANJI,640,"NOT AVAILABLE",9836,"2023-11-10 00:00:00",745985663,2000,KASHI,BEED,476,635687851
2233,VIJAY,JAIPUR,2200,RESERVED,8843,"2023-12-01 10:00:00",749962636,2000,KASHI,BEED,476,635687851
2044,MAHESH,SURAT,1200,AVAILABLE,8455,"2024-03-05 08:20:00",789541623,2000,KASHI,BEED,476,635687851
2011,SAMKIT,SIKAR,3300,AVAILABLE,8840,"2024-01-02 12:40:00",898746226,2000,KASHI,BEED,476,635687851
2003,VARUN,KOTA,850,"NOT AVAILABLE",1121,"2023-12-31 00:00:00",965781233,2000,KASHI,BEED,476,635687851
2000,HET,DHOLPUR,3180,"NOT AVAILABLE",8888,"2020-09-01 00:00:00",654779563,2000,KASHI,BEED,476,635687851
1949,VANSH,"SRI GANGANAGAR",6580,AVAILABLE,2002,"2023-01-14 05:45:00",639578921,2000,KASHI,BEED,476,635687851
1940,ASHOK,JAISALMER,650,AVAILABLE,4444,"2022-03-31 08:10:00",956845626,2000,KASHI,BEED,476,635687851
1891,DEEP,BHARATPUR,4750,AVAILABLE,1112,"2023-11-30 09:00:00",968784559,2000,KASHI,BEED,476,635687851
1680,CHIRAG,PUSHKAR,1790,AVAILABLE,1111,"2023-12-11 12:00:00",956984268,2000,KASHI,BEED,476,635687851
1651,ABHI,RATLAM,5500,AVAILABLE,1680,"2021-09-12 11:50:00",984875625,2000,KASHI,BEED,476,635687851
1601,PINKESH,JUNAGADH,1800,"NOT AVAILABLE",2022,"2020-02-18 08:20:00",968745632,2000,KASHI,BEED,476,635687851
1563,MEET,JALOR,3000,RESERVED,5555,"2022-08-18 06:30:00",659874631,2000,KASHI,BEED,476,635687851
1455,AMIT,BIKANER,2650,AVAILABLE,9950,"2023-10-14 12:05:00",965879246,2000,KASHI,BEED,476,635687851
1122,SURESH,KOLKATTA,1320,RESERVED,9944,"2023-10-16 08:30:00",635322811,2000,KASHI,BEED,476,635687851
9072,MANAV,AHMEDABAD,1000,RESERVED,9990,"2024-02-18 10:30:00",987621546,2003,RAM,LATUR,2012,974563233
8971,MOHIT,SAMBHAR,1763,AVAILABLE,1165,"2023-08-12 02:30:00",987656625,2003,RAM,LATUR,2012,974563233
7744,ROHIT,VADODARA,1350,AVAILABLE,1021,"2022-05-06 10:15:00",789516325,2003,RAM,LATUR,2012,974563233
6642,MANOJ,AMRELI,1600,RESERVED,1022,"2023-11-05 02:30:00",987456851,2003,RAM,LATUR,2012,974563233
5569,SHUKLA,NATHDWARA,530,AVAILABLE,1704,"2023-10-12 03:20:00",987563252,2003,RAM,LATUR,2012,974563233
2324,RAVI,PANJI,640,"NOT AVAILABLE",9836,"2023-11-10 00:00:00",745985663,2003,RAM,LATUR,2012,974563233
2233,VIJAY,JAIPUR,2200,RESERVED,8843,"2023-12-01 10:00:00",749962636,2003,RAM,LATUR,2012,974563233
2044,MAHESH,SURAT,1200,AVAILABLE,8455,"2024-03-05 08:20:00",789541623,2003,RAM,LATUR,2012,974563233
2011,SAMKIT,SIKAR,3300,AVAILABLE,8840,"2024-01-02 12:40:00",898746226,2003,RAM,LATUR,2012,974563233
2003,VARUN,KOTA,850,"NOT AVAILABLE",1121,"2023-12-31 00:00:00",965781233,2003,RAM,LATUR,2012,974563233
2000,HET,DHOLPUR,3180,"NOT AVAILABLE",8888,"2020-09-01 00:00:00",654779563,2003,RAM,LATUR,2012,974563233
1949,VANSH,"SRI GANGANAGAR",6580,AVAILABLE,2002,"2023-01-14 05:45:00",639578921,2003,RAM,LATUR,2012,974563233
1940,ASHOK,JAISALMER,650,AVAILABLE,4444,"2022-03-31 08:10:00",956845626,2003,RAM,LATUR,2012,974563233
1891,DEEP,BHARATPUR,4750,AVAILABLE,1112,"2023-11-30 09:00:00",968784559,2003,RAM,LATUR,2012,974563233
1680,CHIRAG,PUSHKAR,1790,AVAILABLE,1111,"2023-12-11 12:00:00",956984268,2003,RAM,LATUR,2012,974563233
1651,ABHI,RATLAM,5500,AVAILABLE,1680,"2021-09-12 11:50:00",984875625,2003,RAM,LATUR,2012,974563233
1601,PINKESH,JUNAGADH,1800,"NOT AVAILABLE",2022,"2020-02-18 08:20:00",968745632,2003,RAM,LATUR,2012,974563233
1563,MEET,JALOR,3000,RESERVED,5555,"2022-08-18 06:30:00",659874631,2003,RAM,LATUR,2012,974563233
1455,AMIT,BIKANER,2650,AVAILABLE,9950,"2023-10-14 12:05:00",965879246,2003,RAM,LATUR,2012,974563233
1122,SURESH,KOLKATTA,1320,RESERVED,9944,"2023-10-16 08:30:00",635322811,2003,RAM,LATUR,2012,974563233
9072,MANAV,AHMEDABAD,1000,RESERVED,9990,"2024-02-18 10:30:00",987621546,2011,RUSHITA,GONDIA,1680,738956633
8971,MOHIT,SAMBHAR,1763,AVAILABLE,1165,"2023-08-12 02:30:00",987656625,2011,RUSHITA,GONDIA,1680,738956633
7744,ROHIT,VADODARA,1350,AVAILABLE,1021,"2022-05-06 10:15:00",789516325,2011,RUSHITA,GONDIA,1680,738956633
6642,MANOJ,AMRELI,1600,RESERVED,1022,"2023-11-05 02:30:00",987456851,2011,RUSHITA,GONDIA,1680,738956633
5569,SHUKLA,NATHDWARA,530,AVAILABLE,1704,"2023-10-12 03:20:00",987563252,2011,RUSHITA,GONDIA,1680,738956633
2324,RAVI,PANJI,640,"NOT AVAILABLE",9836,"2023-11-10 00:00:00",745985663,2011,RUSHITA,GONDIA,1680,738956633
2233,VIJAY,JAIPUR,2200,RESERVED,8843,"2023-12-01 10:00:00",749962636,2011,RUSHITA,GONDIA,1680,738956633
2044,MAHESH,SURAT,1200,AVAILABLE,8455,"2024-03-05 08:20:00",789541623,2011,RUSHITA,GONDIA,1680,738956633
2011,SAMKIT,SIKAR,3300,AVAILABLE,8840,"2024-01-02 12:40:00",898746226,2011,RUSHITA,GONDIA,1680,738956633
2003,VARUN,KOTA,850,"NOT AVAILABLE",1121,"2023-12-31 00:00:00",965781233,2011,RUSHITA,GONDIA,1680,738956633
2000,HET,DHOLPUR,3180,"NOT AVAILABLE",8888,"2020-09-01 00:00:00",654779563,2011,RUSHITA,GONDIA,1680,738956633
1949,VANSH,"SRI GANGANAGAR",6580,AVAILABLE,2002,"2023-01-14 05:45:00",639578921,2011,RUSHITA,GONDIA,1680,738956633
1940,ASHOK,JAISALMER,650,AVAILABLE,4444,"2022-03-31 08:10:00",956845626,2011,RUSHITA,GONDIA,1680,738956633
1891,DEEP,BHARATPUR,4750,AVAILABLE,1112,"2023-11-30 09:00:00",968784559,2011,RUSHITA,GONDIA,1680,738956633
1680,CHIRAG,PUSHKAR,1790,AVAILABLE,1111,"2023-12-11 12:00:00",956984268,2011,RUSHITA,GONDIA,1680,738956633
1651,ABHI,RATLAM,5500,AVAILABLE,1680,"2021-09-12 11:50:00",984875625,2011,RUSHITA,GONDIA,1680,738956633
1601,PINKESH,JUNAGADH,1800,"NOT AVAILABLE",2022,"2020-02-18 08:20:00",968745632,2011,RUSHITA,GONDIA,1680,738956633
1563,MEET,JALOR,3000,RESERVED,5555,"2022-08-18 06:30:00",659874631,2011,RUSHITA,GONDIA,1680,738956633
1455,AMIT,BIKANER,2650,AVAILABLE,9950,"2023-10-14 12:05:00",965879246,2011,RUSHITA,GONDIA,1680,738956633
1122,SURESH,KOLKATTA,1320,RESERVED,9944,"2023-10-16 08:30:00",635322811,2011,RUSHITA,GONDIA,1680,738956633
9072,MANAV,AHMEDABAD,1000,RESERVED,9990,"2024-02-18 10:30:00",987621546,2044,MUALIK,HARIDWAR,1250,987456623
8971,MOHIT,SAMBHAR,1763,AVAILABLE,1165,"2023-08-12 02:30:00",987656625,2044,MUALIK,HARIDWAR,1250,987456623
7744,ROHIT,VADODARA,1350,AVAILABLE,1021,"2022-05-06 10:15:00",789516325,2044,MUALIK,HARIDWAR,1250,987456623
6642,MANOJ,AMRELI,1600,RESERVED,1022,"2023-11-05 02:30:00",987456851,2044,MUALIK,HARIDWAR,1250,987456623
5569,SHUKLA,NATHDWARA,530,AVAILABLE,1704,"2023-10-12 03:20:00",987563252,2044,MUALIK,HARIDWAR,1250,987456623
2324,RAVI,PANJI,640,"NOT AVAILABLE",9836,"2023-11-10 00:00:00",745985663,2044,MUALIK,HARIDWAR,1250,987456623
2233,VIJAY,JAIPUR,2200,RESERVED,8843,"2023-12-01 10:00:00",749962636,2044,MUALIK,HARIDWAR,1250,987456623
2044,MAHESH,SURAT,1200,AVAILABLE,8455,"2024-03-05 08:20:00",789541623,2044,MUALIK,HARIDWAR,1250,987456623
2011,SAMKIT,SIKAR,3300,AVAILABLE,8840,"2024-01-02 12:40:00",898746226,2044,MUALIK,HARIDWAR,1250,987456623
2003,VARUN,KOTA,850,"NOT AVAILABLE",1121,"2023-12-31 00:00:00",965781233,2044,MUALIK,HARIDWAR,1250,987456623
2000,HET,DHOLPUR,3180,"NOT AVAILABLE",8888,"2020-09-01 00:00:00",654779563,2044,MUALIK,HARIDWAR,1250,987456623
1949,VANSH,"SRI GANGANAGAR",6580,AVAILABLE,2002,"2023-01-14 05:45:00",639578921,2044,MUALIK,HARIDWAR,1250,987456623
1940,ASHOK,JAISALMER,650,AVAILABLE,4444,"2022-03-31 08:10:00",956845626,2044,MUALIK,HARIDWAR,1250,987456623
1891,DEEP,BHARATPUR,4750,AVAILABLE,1112,"2023-11-30 09:00:00",968784559,2044,MUALIK,HARIDWAR,1250,987456623
1680,CHIRAG,PUSHKAR,1790,AVAILABLE,1111,"2023-12-11 12:00:00",956984268,2044,MUALIK,HARIDWAR,1250,987456623
1651,ABHI,RATLAM,5500,AVAILABLE,1680,"2021-09-12 11:50:00",984875625,2044,MUALIK,HARIDWAR,1250,987456623
1601,PINKESH,JUNAGADH,1800,"NOT AVAILABLE",2022,"2020-02-18 08:20:00",968745632,2044,MUALIK,HARIDWAR,1250,987456623
1563,MEET,JALOR,3000,RESERVED,5555,"2022-08-18 06:30:00",659874631,2044,MUALIK,HARIDWAR,1250,987456623
1455,AMIT,BIKANER,2650,AVAILABLE,9950,"2023-10-14 12:05:00",965879246,2044,MUALIK,HARIDWAR,1250,987456623
1122,SURESH,KOLKATTA,1320,RESERVED,9944,"2023-10-16 08:30:00",635322811,2044,MUALIK,HARIDWAR,1250,987456623
9072,MANAV,AHMEDABAD,1000,RESERVED,9990,"2024-02-18 10:30:00",987621546,2233,HETVI,RUSHIKESH,999,789548963
8971,MOHIT,SAMBHAR,1763,AVAILABLE,1165,"2023-08-12 02:30:00",987656625,2233,HETVI,RUSHIKESH,999,789548963
7744,ROHIT,VADODARA,1350,AVAILABLE,1021,"2022-05-06 10:15:00",789516325,2233,HETVI,RUSHIKESH,999,789548963
6642,MANOJ,AMRELI,1600,RESERVED,1022,"2023-11-05 02:30:00",987456851,2233,HETVI,RUSHIKESH,999,789548963
5569,SHUKLA,NATHDWARA,530,AVAILABLE,1704,"2023-10-12 03:20:00",987563252,2233,HETVI,RUSHIKESH,999,789548963
2324,RAVI,PANJI,640,"NOT AVAILABLE",9836,"2023-11-10 00:00:00",745985663,2233,HETVI,RUSHIKESH,999,789548963
2233,VIJAY,JAIPUR,2200,RESERVED,8843,"2023-12-01 10:00:00",749962636,2233,HETVI,RUSHIKESH,999,789548963
2044,MAHESH,SURAT,1200,AVAILABLE,8455,"2024-03-05 08:20:00",789541623,2233,HETVI,RUSHIKESH,999,789548963
2011,SAMKIT,SIKAR,3300,AVAILABLE,8840,"2024-01-02 12:40:00",898746226,2233,HETVI,RUSHIKESH,999,789548963
2003,VARUN,KOTA,850,"NOT AVAILABLE",1121,"2023-12-31 00:00:00",965781233,2233,HETVI,RUSHIKESH,999,789548963
2000,HET,DHOLPUR,3180,"NOT AVAILABLE",8888,"2020-09-01 00:00:00",654779563,2233,HETVI,RUSHIKESH,999,789548963
1949,VANSH,"SRI GANGANAGAR",6580,AVAILABLE,2002,"2023-01-14 05:45:00",639578921,2233,HETVI,RUSHIKESH,999,789548963
1940,ASHOK,JAISALMER,650,AVAILABLE,4444,"2022-03-31 08:10:00",956845626,2233,HETVI,RUSHIKESH,999,789548963
1891,DEEP,BHARATPUR,4750,AVAILABLE,1112,"2023-11-30 09:00:00",968784559,2233,HETVI,RUSHIKESH,999,789548963
1680,CHIRAG,PUSHKAR,1790,AVAILABLE,1111,"2023-12-11 12:00:00",956984268,2233,HETVI,RUSHIKESH,999,789548963
1651,ABHI,RATLAM,5500,AVAILABLE,1680,"2021-09-12 11:50:00",984875625,2233,HETVI,RUSHIKESH,999,789548963
1601,PINKESH,JUNAGADH,1800,"NOT AVAILABLE",2022,"2020-02-18 08:20:00",968745632,2233,HETVI,RUSHIKESH,999,789548963
1563,MEET,JALOR,3000,RESERVED,5555,"2022-08-18 06:30:00",659874631,2233,HETVI,RUSHIKESH,999,789548963
1455,AMIT,BIKANER,2650,AVAILABLE,9950,"2023-10-14 12:05:00",965879246,2233,HETVI,RUSHIKESH,999,789548963
1122,SURESH,KOLKATTA,1320,RESERVED,9944,"2023-10-16 08:30:00",635322811,2233,HETVI,RUSHIKESH,999,789548963
9072,MANAV,AHMEDABAD,1000,RESERVED,9990,"2024-02-18 10:30:00",987621546,2324,PRACHI,PANVEL,189,789644523
8971,MOHIT,SAMBHAR,1763,AVAILABLE,1165,"2023-08-12 02:30:00",987656625,2324,PRACHI,PANVEL,189,789644523
7744,ROHIT,VADODARA,1350,AVAILABLE,1021,"2022-05-06 10:15:00",789516325,2324,PRACHI,PANVEL,189,789644523
6642,MANOJ,AMRELI,1600,RESERVED,1022,"2023-11-05 02:30:00",987456851,2324,PRACHI,PANVEL,189,789644523
5569,SHUKLA,NATHDWARA,530,AVAILABLE,1704,"2023-10-12 03:20:00",987563252,2324,PRACHI,PANVEL,189,789644523
2324,RAVI,PANJI,640,"NOT AVAILABLE",9836,"2023-11-10 00:00:00",745985663,2324,PRACHI,PANVEL,189,789644523
2233,VIJAY,JAIPUR,2200,RESERVED,8843,"2023-12-01 10:00:00",749962636,2324,PRACHI,PANVEL,189,789644523
2044,MAHESH,SURAT,1200,AVAILABLE,8455,"2024-03-05 08:20:00",789541623,2324,PRACHI,PANVEL,189,789644523
2011,SAMKIT,SIKAR,3300,AVAILABLE,8840,"2024-01-02 12:40:00",898746226,2324,PRACHI,PANVEL,189,789644523
2003,VARUN,KOTA,850,"NOT AVAILABLE",1121,"2023-12-31 00:00:00",965781233,2324,PRACHI,PANVEL,189,789644523
2000,HET,DHOLPUR,3180,"NOT AVAILABLE",8888,"2020-09-01 00:00:00",654779563,2324,PRACHI,PANVEL,189,789644523
1949,VANSH,"SRI GANGANAGAR",6580,AVAILABLE,2002,"2023-01-14 05:45:00",639578921,2324,PRACHI,PANVEL,189,789644523
1940,ASHOK,JAISALMER,650,AVAILABLE,4444,"2022-03-31 08:10:00",956845626,2324,PRACHI,PANVEL,189,789644523
1891,DEEP,BHARATPUR,4750,AVAILABLE,1112,"2023-11-30 09:00:00",968784559,2324,PRACHI,PANVEL,189,789644523
1680,CHIRAG,PUSHKAR,1790,AVAILABLE,1111,"2023-12-11 12:00:00",956984268,2324,PRACHI,PANVEL,189,789644523
1651,ABHI,RATLAM,5500,AVAILABLE,1680,"2021-09-12 11:50:00",984875625,2324,PRACHI,PANVEL,189,789644523
1601,PINKESH,JUNAGADH,1800,"NOT AVAILABLE",2022,"2020-02-18 08:20:00",968745632,2324,PRACHI,PANVEL,189,789644523
1563,MEET,JALOR,3000,RESERVED,5555,"2022-08-18 06:30:00",659874631,2324,PRACHI,PANVEL,189,789644523
1455,AMIT,BIKANER,2650,AVAILABLE,9950,"2023-10-14 12:05:00",965879246,2324,PRACHI,PANVEL,189,789644523
1122,SURESH,KOLKATTA,1320,RESERVED,9944,"2023-10-16 08:30:00",635322811,2324,PRACHI,PANVEL,189,789644523
9072,MANAV,AHMEDABAD,1000,RESERVED,9990,"2024-02-18 10:30:00",987621546,5569,HIRAL,DHULE,845,635987854
8971,MOHIT,SAMBHAR,1763,AVAILABLE,1165,"2023-08-12 02:30:00",987656625,5569,HIRAL,DHULE,845,635987854
7744,ROHIT,VADODARA,1350,AVAILABLE,1021,"2022-05-06 10:15:00",789516325,5569,HIRAL,DHULE,845,635987854
6642,MANOJ,AMRELI,1600,RESERVED,1022,"2023-11-05 02:30:00",987456851,5569,HIRAL,DHULE,845,635987854
5569,SHUKLA,NATHDWARA,530,AVAILABLE,1704,"2023-10-12 03:20:00",987563252,5569,HIRAL,DHULE,845,635987854
2324,RAVI,PANJI,640,"NOT AVAILABLE",9836,"2023-11-10 00:00:00",745985663,5569,HIRAL,DHULE,845,635987854
2233,VIJAY,JAIPUR,2200,RESERVED,8843,"2023-12-01 10:00:00",749962636,5569,HIRAL,DHULE,845,635987854
2044,MAHESH,SURAT,1200,AVAILABLE,8455,"2024-03-05 08:20:00",789541623,5569,HIRAL,DHULE,845,635987854
2011,SAMKIT,SIKAR,3300,AVAILABLE,8840,"2024-01-02 12:40:00",898746226,5569,HIRAL,DHULE,845,635987854
2003,VARUN,KOTA,850,"NOT AVAILABLE",1121,"2023-12-31 00:00:00",965781233,5569,HIRAL,DHULE,845,635987854
2000,HET,DHOLPUR,3180,"NOT AVAILABLE",8888,"2020-09-01 00:00:00",654779563,5569,HIRAL,DHULE,845,635987854
1949,VANSH,"SRI GANGANAGAR",6580,AVAILABLE,2002,"2023-01-14 05:45:00",639578921,5569,HIRAL,DHULE,845,635987854
1940,ASHOK,JAISALMER,650,AVAILABLE,4444,"2022-03-31 08:10:00",956845626,5569,HIRAL,DHULE,845,635987854
1891,DEEP,BHARATPUR,4750,AVAILABLE,1112,"2023-11-30 09:00:00",968784559,5569,HIRAL,DHULE,845,635987854
1680,CHIRAG,PUSHKAR,1790,AVAILABLE,1111,"2023-12-11 12:00:00",956984268,5569,HIRAL,DHULE,845,635987854
1651,ABHI,RATLAM,5500,AVAILABLE,1680,"2021-09-12 11:50:00",984875625,5569,HIRAL,DHULE,845,635987854
1601,PINKESH,JUNAGADH,1800,"NOT AVAILABLE",2022,"2020-02-18 08:20:00",968745632,5569,HIRAL,DHULE,845,635987854
1563,MEET,JALOR,3000,RESERVED,5555,"2022-08-18 06:30:00",659874631,5569,HIRAL,DHULE,845,635987854
1455,AMIT,BIKANER,2650,AVAILABLE,9950,"2023-10-14 12:05:00",965879246,5569,HIRAL,DHULE,845,635987854
1122,SURESH,KOLKATTA,1320,RESERVED,9944,"2023-10-16 08:30:00",635322811,5569,HIRAL,DHULE,845,635987854
9072,MANAV,AHMEDABAD,1000,RESERVED,9990,"2024-02-18 10:30:00",987621546,6642,HAPPY,UDGAIR,690,989658745
8971,MOHIT,SAMBHAR,1763,AVAILABLE,1165,"2023-08-12 02:30:00",987656625,6642,HAPPY,UDGAIR,690,989658745
7744,ROHIT,VADODARA,1350,AVAILABLE,1021,"2022-05-06 10:15:00",789516325,6642,HAPPY,UDGAIR,690,989658745
6642,MANOJ,AMRELI,1600,RESERVED,1022,"2023-11-05 02:30:00",987456851,6642,HAPPY,UDGAIR,690,989658745
5569,SHUKLA,NATHDWARA,530,AVAILABLE,1704,"2023-10-12 03:20:00",987563252,6642,HAPPY,UDGAIR,690,989658745
2324,RAVI,PANJI,640,"NOT AVAILABLE",9836,"2023-11-10 00:00:00",745985663,6642,HAPPY,UDGAIR,690,989658745
2233,VIJAY,JAIPUR,2200,RESERVED,8843,"2023-12-01 10:00:00",749962636,6642,HAPPY,UDGAIR,690,989658745
2044,MAHESH,SURAT,1200,AVAILABLE,8455,"2024-03-05 08:20:00",789541623,6642,HAPPY,UDGAIR,690,989658745
2011,SAMKIT,SIKAR,3300,AVAILABLE,8840,"2024-01-02 12:40:00",898746226,6642,HAPPY,UDGAIR,690,989658745
2003,VARUN,KOTA,850,"NOT AVAILABLE",1121,"2023-12-31 00:00:00",965781233,6642,HAPPY,UDGAIR,690,989658745
2000,HET,DHOLPUR,3180,"NOT AVAILABLE",8888,"2020-09-01 00:00:00",654779563,6642,HAPPY,UDGAIR,690,989658745
1949,VANSH,"SRI GANGANAGAR",6580,AVAILABLE,2002,"2023-01-14 05:45:00",639578921,6642,HAPPY,UDGAIR,690,989658745
1940,ASHOK,JAISALMER,650,AVAILABLE,4444,"2022-03-31 08:10:00",956845626,6642,HAPPY,UDGAIR,690,989658745
1891,DEEP,BHARATPUR,4750,AVAILABLE,1112,"2023-11-30 09:00:00",968784559,6642,HAPPY,UDGAIR,690,989658745
1680,CHIRAG,PUSHKAR,1790,AVAILABLE,1111,"2023-12-11 12:00:00",956984268,6642,HAPPY,UDGAIR,690,989658745
1651,ABHI,RATLAM,5500,AVAILABLE,1680,"2021-09-12 11:50:00",984875625,6642,HAPPY,UDGAIR,690,989658745
1601,PINKESH,JUNAGADH,1800,"NOT AVAILABLE",2022,"2020-02-18 08:20:00",968745632,6642,HAPPY,UDGAIR,690,989658745
1563,MEET,JALOR,3000,RESERVED,5555,"2022-08-18 06:30:00",659874631,6642,HAPPY,UDGAIR,690,989658745
1455,AMIT,BIKANER,2650,AVAILABLE,9950,"2023-10-14 12:05:00",965879246,6642,HAPPY,UDGAIR,690,989658745
1122,SURESH,KOLKATTA,1320,RESERVED,9944,"2023-10-16 08:30:00",635322811,6642,HAPPY,UDGAIR,690,989658745
9072,MANAV,AHMEDABAD,1000,RESERVED,9990,"2024-02-18 10:30:00",987621546,7744,SOLAN,PANJI,863,698745623
8971,MOHIT,SAMBHAR,1763,AVAILABLE,1165,"2023-08-12 02:30:00",987656625,7744,SOLAN,PANJI,863,698745623
7744,ROHIT,VADODARA,1350,AVAILABLE,1021,"2022-05-06 10:15:00",789516325,7744,SOLAN,PANJI,863,698745623
6642,MANOJ,AMRELI,1600,RESERVED,1022,"2023-11-05 02:30:00",987456851,7744,SOLAN,PANJI,863,698745623
5569,SHUKLA,NATHDWARA,530,AVAILABLE,1704,"2023-10-12 03:20:00",987563252,7744,SOLAN,PANJI,863,698745623
2324,RAVI,PANJI,640,"NOT AVAILABLE",9836,"2023-11-10 00:00:00",745985663,7744,SOLAN,PANJI,863,698745623
2233,VIJAY,JAIPUR,2200,RESERVED,8843,"2023-12-01 10:00:00",749962636,7744,SOLAN,PANJI,863,698745623
2044,MAHESH,SURAT,1200,AVAILABLE,8455,"2024-03-05 08:20:00",789541623,7744,SOLAN,PANJI,863,698745623
2011,SAMKIT,SIKAR,3300,AVAILABLE,8840,"2024-01-02 12:40:00",898746226,7744,SOLAN,PANJI,863,698745623
2003,VARUN,KOTA,850,"NOT AVAILABLE",1121,"2023-12-31 00:00:00",965781233,7744,SOLAN,PANJI,863,698745623
2000,HET,DHOLPUR,3180,"NOT AVAILABLE",8888,"2020-09-01 00:00:00",654779563,7744,SOLAN,PANJI,863,698745623
1949,VANSH,"SRI GANGANAGAR",6580,AVAILABLE,2002,"2023-01-14 05:45:00",639578921,7744,SOLAN,PANJI,863,698745623
1940,ASHOK,JAISALMER,650,AVAILABLE,4444,"2022-03-31 08:10:00",956845626,7744,SOLAN,PANJI,863,698745623
1891,DEEP,BHARATPUR,4750,AVAILABLE,1112,"2023-11-30 09:00:00",968784559,7744,SOLAN,PANJI,863,698745623
1680,CHIRAG,PUSHKAR,1790,AVAILABLE,1111,"2023-12-11 12:00:00",956984268,7744,SOLAN,PANJI,863,698745623
1651,ABHI,RATLAM,5500,AVAILABLE,1680,"2021-09-12 11:50:00",984875625,7744,SOLAN,PANJI,863,698745623
1601,PINKESH,JUNAGADH,1800,"NOT AVAILABLE",2022,"2020-02-18 08:20:00",968745632,7744,SOLAN,PANJI,863,698745623
1563,MEET,JALOR,3000,RESERVED,5555,"2022-08-18 06:30:00",659874631,7744,SOLAN,PANJI,863,698745623
1455,AMIT,BIKANER,2650,AVAILABLE,9950,"2023-10-14 12:05:00",965879246,7744,SOLAN,PANJI,863,698745623
1122,SURESH,KOLKATTA,1320,RESERVED,9944,"2023-10-16 08:30:00",635322811,7744,SOLAN,PANJI,863,698745623
9072,MANAV,AHMEDABAD,1000,RESERVED,9990,"2024-02-18 10:30:00",987621546,8971,LOCHAN,KOLKATTA,650,654892265
8971,MOHIT,SAMBHAR,1763,AVAILABLE,1165,"2023-08-12 02:30:00",987656625,8971,LOCHAN,KOLKATTA,650,654892265
7744,ROHIT,VADODARA,1350,AVAILABLE,1021,"2022-05-06 10:15:00",789516325,8971,LOCHAN,KOLKATTA,650,654892265
6642,MANOJ,AMRELI,1600,RESERVED,1022,"2023-11-05 02:30:00",987456851,8971,LOCHAN,KOLKATTA,650,654892265
5569,SHUKLA,NATHDWARA,530,AVAILABLE,1704,"2023-10-12 03:20:00",987563252,8971,LOCHAN,KOLKATTA,650,654892265
2324,RAVI,PANJI,640,"NOT AVAILABLE",9836,"2023-11-10 00:00:00",745985663,8971,LOCHAN,KOLKATTA,650,654892265
2233,VIJAY,JAIPUR,2200,RESERVED,8843,"2023-12-01 10:00:00",749962636,8971,LOCHAN,KOLKATTA,650,654892265
2044,MAHESH,SURAT,1200,AVAILABLE,8455,"2024-03-05 08:20:00",789541623,8971,LOCHAN,KOLKATTA,650,654892265
2011,SAMKIT,SIKAR,3300,AVAILABLE,8840,"2024-01-02 12:40:00",898746226,8971,LOCHAN,KOLKATTA,650,654892265
2003,VARUN,KOTA,850,"NOT AVAILABLE",1121,"2023-12-31 00:00:00",965781233,8971,LOCHAN,KOLKATTA,650,654892265
2000,HET,DHOLPUR,3180,"NOT AVAILABLE",8888,"2020-09-01 00:00:00",654779563,8971,LOCHAN,KOLKATTA,650,654892265
1949,VANSH,"SRI GANGANAGAR",6580,AVAILABLE,2002,"2023-01-14 05:45:00",639578921,8971,LOCHAN,KOLKATTA,650,654892265
1940,ASHOK,JAISALMER,650,AVAILABLE,4444,"2022-03-31 08:10:00",956845626,8971,LOCHAN,KOLKATTA,650,654892265
1891,DEEP,BHARATPUR,4750,AVAILABLE,1112,"2023-11-30 09:00:00",968784559,8971,LOCHAN,KOLKATTA,650,654892265
1680,CHIRAG,PUSHKAR,1790,AVAILABLE,1111,"2023-12-11 12:00:00",956984268,8971,LOCHAN,KOLKATTA,650,654892265
1651,ABHI,RATLAM,5500,AVAILABLE,1680,"2021-09-12 11:50:00",984875625,8971,LOCHAN,KOLKATTA,650,654892265
1601,PINKESH,JUNAGADH,1800,"NOT AVAILABLE",2022,"2020-02-18 08:20:00",968745632,8971,LOCHAN,KOLKATTA,650,654892265
1563,MEET,JALOR,3000,RESERVED,5555,"2022-08-18 06:30:00",659874631,8971,LOCHAN,KOLKATTA,650,654892265
1455,AMIT,BIKANER,2650,AVAILABLE,9950,"2023-10-14 12:05:00",965879246,8971,LOCHAN,KOLKATTA,650,654892265
1122,SURESH,KOLKATTA,1320,RESERVED,9944,"2023-10-16 08:30:00",635322811,8971,LOCHAN,KOLKATTA,650,654892265
9072,MANAV,AHMEDABAD,1000,RESERVED,9990,"2024-02-18 10:30:00",987621546,9072,PARTH,MAHESANA,150,987466213
8971,MOHIT,SAMBHAR,1763,AVAILABLE,1165,"2023-08-12 02:30:00",987656625,9072,PARTH,MAHESANA,150,987466213
7744,ROHIT,VADODARA,1350,AVAILABLE,1021,"2022-05-06 10:15:00",789516325,9072,PARTH,MAHESANA,150,987466213
6642,MANOJ,AMRELI,1600,RESERVED,1022,"2023-11-05 02:30:00",987456851,9072,PARTH,MAHESANA,150,987466213
5569,SHUKLA,NATHDWARA,530,AVAILABLE,1704,"2023-10-12 03:20:00",987563252,9072,PARTH,MAHESANA,150,987466213
2324,RAVI,PANJI,640,"NOT AVAILABLE",9836,"2023-11-10 00:00:00",745985663,9072,PARTH,MAHESANA,150,987466213
2233,VIJAY,JAIPUR,2200,RESERVED,8843,"2023-12-01 10:00:00",749962636,9072,PARTH,MAHESANA,150,987466213
2044,MAHESH,SURAT,1200,AVAILABLE,8455,"2024-03-05 08:20:00",789541623,9072,PARTH,MAHESANA,150,987466213
2011,SAMKIT,SIKAR,3300,AVAILABLE,8840,"2024-01-02 12:40:00",898746226,9072,PARTH,MAHESANA,150,987466213
2003,VARUN,KOTA,850,"NOT AVAILABLE",1121,"2023-12-31 00:00:00",965781233,9072,PARTH,MAHESANA,150,987466213
2000,HET,DHOLPUR,3180,"NOT AVAILABLE",8888,"2020-09-01 00:00:00",654779563,9072,PARTH,MAHESANA,150,987466213
1949,VANSH,"SRI GANGANAGAR",6580,AVAILABLE,2002,"2023-01-14 05:45:00",639578921,9072,PARTH,MAHESANA,150,987466213
1940,ASHOK,JAISALMER,650,AVAILABLE,4444,"2022-03-31 08:10:00",956845626,9072,PARTH,MAHESANA,150,987466213
1891,DEEP,BHARATPUR,4750,AVAILABLE,1112,"2023-11-30 09:00:00",968784559,9072,PARTH,MAHESANA,150,987466213
1680,CHIRAG,PUSHKAR,1790,AVAILABLE,1111,"2023-12-11 12:00:00",956984268,9072,PARTH,MAHESANA,150,987466213
1651,ABHI,RATLAM,5500,AVAILABLE,1680,"2021-09-12 11:50:00",984875625,9072,PARTH,MAHESANA,150,987466213
1601,PINKESH,JUNAGADH,1800,"NOT AVAILABLE",2022,"2020-02-18 08:20:00",968745632,9072,PARTH,MAHESANA,150,987466213
1563,MEET,JALOR,3000,RESERVED,5555,"2022-08-18 06:30:00",659874631,9072,PARTH,MAHESANA,150,987466213
1455,AMIT,BIKANER,2650,AVAILABLE,9950,"2023-10-14 12:05:00",965879246,9072,PARTH,MAHESANA,150,987466213
1122,SURESH,KOLKATTA,1320,RESERVED,9944,"2023-10-16 08:30:00",635322811,9072,PARTH,MAHESANA,150,987466213
